Age of Empires II Age of Kings,SLES_502.82
007 - EVERYTHING OR NOTHING,SLES_520.05
007 - NightFire,SLES_512.60
007 - TOMORROW NEVER DIES1,SLES_013.24
007 Agent Under Fire,SLES_505.39
007 From Russia with Love,SLES_535.53
007 Quantum of Solace,SLES_553.45
007 The World Is Not Enough,SLUS_012.72
187 - RIDE OR DIE,SLUS_211.16
1XTREME,SCUS_945.03
24 The Game,SCES_533.58
25 TO LIFE,SLUS_210.16
2XTREME,SCUS_945.08
3D BASEBALL - THE MAJORS,SLUS_000.66
50 CENT BULLETPROOF,SLUS_213.15
7 SINS,SLES_532.80
89 Arcade Classics,USGR_999.99
AC The Belkan War,SCES_540.41
Ace Combat 04 Shattered Skies,SLUS_201.52
ACE COMBAT 3 - ELECTROSPHERE,SLUS_009.72
Ace Combat Distant Thunder,SCES_504.10
Ace Combat Squadron Leader,SCES_524.24
AIR COMBAT,SLUS_000.01
Alien Hominid,SLES_531.39
ALIEN RESURRECTION,SLES_029.13
ALIEN TRILOGY,SLES_001.01
Aliens vs Predator - Extinction,SLUS_201.47
Alone in the Dark,SLES_552.07
ALONE IN THE DARK 2 ONE EYED,SLUS_002.39
Alone in the Dark TNN,SLES_501.85
Alone in the Dark TNN (Disc 1),SLES_028.04
Alone in the Dark TNN (Disc 2),SLES_128.04
ALTERED BEAST,SLES_530.24
ALUNDRA,SLES_012.58
ALUNDRA 2,SLUS_010.17
American Chopper,SLUS_210.69
Angry Birds Star Wars,SLUS_624.42
Animaniacs The Great Edgar Hunt,SLES_527.29
Ape Escape,SCUS_944.23
APOCALYPSE,SLUS_003.73
Area 51,SLES_525.70
ARMORED CORE [REPRINT],SLUS_013.23
ARMY MEN - AIR ATTACK 2,SLES_032.30
ARMY MEN - GREEN ROGUE,SLUS_013.30
ARMY MEN - SARGES HEROES,SLES_026.29
Army Men - Sarges Heroes 2,SLES_501.92
Army Men - Sarges War,SLES_525.87
ARMY MEN - WORLD WAR,SLUS_010.79
ARMY MEN - WORLD WAR FF,SLUS_013.27
ARMY MEN 3D,SLES_023.78
Army Men Air Attack,SLES_026.20
Asterix at the Olympic Games,SLES_550.34
ATV Offroad Fury 4,SCES_546.88
Backyard Baseball 10,SLUS_218.84
Bad Boys Miami Takedown,SLUS_209.82
Bakugan Battle Brawlers,SLES_555.79
Bakuganrip,SLES_555.79
Baldurs Gate - Dark Alliance,SLES_506.72
Barbie 12 Dancing Princesses,SLES_546.08
Barbie Horse Adventure,SLES_518.45
Batman - Rise of Sin-Tzu,SLUS_207.09
BATMAN BEGINS,SLES_533.87
batman beyond,SLUS_012.07
Batman Vengeance,SLES_503.55
BATMAN_FOREVER_THE_ARCADE_GAME,SLUS_003.87
Battle Stadium DON,SLPS_256.75
Battlefield 2 - Modern Combat,SLES_537.29
BATTLETANX - GLOBAL ASSAULT,SLES_027.74
Beat Down Fists of Vengeance,SLES_535.05
Ben 10 Alien Force,SLUS_218.15
Ben 10 Protector of Earth,SLES_549.52
Ben10 Ultimate Alien Cosmic,SLUS_219.38
Beyond Good and Evil,SLUS_207.63
Billy & Mandy,SLUS_214.51
Billy Mandy,SLUS_214.51
BIO FREAKS,SLUS_005.02
BLACK,SLES_538.86
BLADE,SLUS_012.15
Blade II,SLUS_203.60
Bleach - Blade Battles,SCPS_151.16
BloodRayne 2,SLES_538.31
BLOODY ROAR,SCUS_941.99
BLOODY ROAR 3,SLUS_202.12
Bloody Roar 4,SLES_518.77
Bloody Roar II,SCUS_944.24
Bombastic,SLUS_207.64
Bomberman Land 3,SLPM_626.43
BREATH OF FIRE III,SLUS_004.22
Brothers in Arms Earned in Blood,SLES_536.59
Brothers in Arms Road to Hill 30,SLES_528.88
Buffy the Vampire Slayer,SLES_518.90
BUGS BUNNY - LOST IN TIME,SLES_017.26
BUGS BUNNY TAZ - TIME BUSTERS,SLUS_011.44
Bully,SLES_535.61
Bully rip,SLES_535.61
Burnout 2 - Point of Impact,SLES_510.44
Burnout 3 - Takedown,SLES_525.84
BUSHIDO BLADE,SCUS_941.80
BUSHIDO BLADE 2,SLUS_006.63
BUST A GROOVE 2,SLUS_011.59
Bust-A-Groove,SCES_013.13
Buzz Lightyear of Star Command,SLES_033.10
Cadillacs and Dinosaurs,SLUS_124.21
CALL OF DUTY - FINEST HOUR,SLES_527.83
Call of Duty 2 Big Red One,SLES_534.16
CALL OF DUTY 3,SLUS_214.26
Call of Duty World at War,SLES_553.67
CAPCOM VS SNK - MILLENNIUM FIGHT,SLUS_014.76
Capcom vs SNK 2,SLUS_202.46
Captain Commando,SLUS_472.46
Captain Tsubasa,SLPS_256.91
CARMAGEDDON,SLES_019.60
CASTLEVANIA - CHRONICLES,SLUS_013.84
Castlevania - Curse of Darkness,SLES_537.55
Castlevania Lament of Innocence,SLES_521.18
Castlevania SOTN,SLUS_000.67
Champions of Norrath,SLES_523.73
Chaos Legion,SLES_515.53
CHASE THE EXPRESS - [ 2 DISCS ],SCES_028.16
Chase the Express (Disc 2),SCES_128.16
CLOCK TOWER,SLUS_005.39
CLOCK TOWER - THE FIRST FEAR,SLPS_009.17
CLOCK TOWER 2 THE STRUGGLE WITHI,SLUS_006.95
CLOCK TOWER 3,SLES_516.19
COLD FEAR,SLUS_210.47
Cold Winter,SLES_529.63
COLIN MCRAE RALLY,SCUS_944.74
Colin McRae Rally 04,SLES_518.24
Colin McRae Rally 2,SLUS_012.22
Colin McRae Rally 2005,SLES_526.36
Command Conquer (Disc 1) (GDI),SLUS_003.79
Command Conquer (Disc 2) (NOD),SLUS_004.10
Conflict Desert Storm,SLES_509.02
Conflict Desert Storm II,SLES_515.23
Conflict Global Storm,SLES_525.73
Conflict Global Terror,SLUS_211.72
Conflict Vietnam,SLES_526.30
Constantine,SLES_528.72
CONTRA LEGACY,SLUS_002.88
Coraline,SLES_554.70
Coraline,SLUS_218.54
Crash Bandicoot,SCUS_949.00
Crash Bandicoot - Warped,SCUS_942.44
Crash Bandicoot 2,SCUS_941.54
Crash Bandicoot 4,SLES_503.86
Crash Bash,SCUS_945.70
Crash Mind over Mutant,SLES_552.04
Crash n Burn,SLES_523.39
Crash Nitro Kart,SLES_515.11
CRASH OF THE TITANS,SLES_548.41
Crash Tag Team Racing,SLUS_211.91
Crash Team Racing [SCUS-94426],SCUS_944.26
CRASH TWINSANITY,SLES_525.68
Crazy Taxi,SLES_502.15
Crime Life - Gang Wars,SLES_521.22
CROC - LEGEND OF THE GOBBOS,SLUS_005.30
CROC 2,SLUS_006.34
CSI - 3 DIMENSIONS OF MURDER,SLUS_216.55
CT SPECIAL FORCES,SLES_039.86
Culdcept,SLUS_207.74
Dance Dance Revolution 3rd Mix,SLPM_865.03
DARKSTONE,SLUS_011.82
Darkwatch,SLES_535.64
DB Manga Full Color,SLUS_216.78
DBZ BT Crossover v1,SLUS_216.78
DBZ BT Crossover v1,SLUS_216.78
DBZ BudoKAI Beta 2,SLUS_205.91
DBZ Budokai Tenkaichi 3 INGLES,SLUS_216.78
DBZ Sparking Meteor,SLPS_258.15
DDR FESTIVAL,SLPM_657.75
DDRMAX2 Dance Dance Revolution,SLUS_207.11
DEAD OR ALIVE,SLUS_006.06
Dead or Alive 2,SCES_500.03
DEAD TO RIGHTS,SLES_515.81
DECEPTION III,SLUS_010.67
Deception III - Dark Delusion,SLUS_010.67
DEF JAM - FIGHT FOR NY,SLUS_210.04
DEF JAM VENDETTA,SLUS_206.39
Delta Force Black Hawk Down,SLES_541.15
DEMOLITION RACER,SLUS_009.69
Despicable Me,SLES_556.25
Destrega,SLUS_007.32
Destroy All Humans,SLES_531.96
DESTRUCTION DERBY,SCES_000.08
DESTRUCTION DERBY 2,SLES_002.99
DESTRUCTION DERBY RAW,SLUS_009.12
Devil May Cry,SLES_503.58
Devil May Cry 2 (Disc 1) rip,SLES_820.11
Devil May Cry 2 (Disc 2) rip,SLES_820.12
Devil May Cry 3 DA,SLES_530.38
Devil May Cry ntsc,SLUS_202.16
DIABLO,SLUS_006.19
Die Hard Trilogy,SLUS_001.19
DIE HARD TRILOGY 2,SLUS_010.15
DIGIMON RUMBLE ARENA,SLUS_014.04
DIGIMON RUMBLE ARENA 2,SLES_526.31
Digimon World - Data Squad,SLUS_215.98
Digimon World (USA),SLUS_010.32
DIGIMON WORLD 2,SLUS_011.93
DIGIMON WORLD 2003,SLES_039.36
DIGIMON WORLD 4,SLES_534.05
Dino Crisis,SLUS_009.22
DINO CRISIS 2,SLUS_012.79
DINO STALKER,SLUS_204.85
Dirge of Cerberus,SLES_541.85
Disney Bolt,SLES_554.29
DISNEY PIXAR - TOY STORY RACER,SLUS_012.14
Disney-Pixar WALL-E,SLUS_217.36
DisneyPixar Cars,SLES_540.07
DisneyPixar Cars,SLUS_216.37
DisneyPixar Los Increíbles,SLES_528.16
DisneyPixar Ratatouille,SLES_547.47
DisneyPixar Toy Story 2,SLUS_008.93
DisneyPixar Toy Story 3,SLES_556.22
DisneyPixar Up,SLES_555.23
Disneys Aladdin,SCUS_945.69
DISNEYS HERCULES,SCES_008.95
DISNEYS LILO STITCH,SCUS_946.46
Disneys Tarzan,SLUS_015.37
DISNEYS TARZAN FREERIDE UNTAMED,SLES_503.50
DISNEYS THE LION KING II,SLUS_012.82
DKWDRV,DKWDRV.ELF
DMC 3 Dantes Awakening SE,SLES_541.86
Doom,SLUS_743.43
Doom II,SLUS_743.42
Downhill Domination,SLES_522.02
Dracula Last Sanctuary (Disc 1),SLUS_014.40
Dracula Last Sanctuary (Disc 2),SLUS_014.43
Dracula Resurrection (Disc 1),SLUS_012.84
Dracula Resurrection (Disc 2),SLUS_013.16
DRAGON BALL GT - FINAL BOUT,SLUS_004.93
Dragon Ball Z - Infinite World,SLES_553.47
Dragon Ball Z - Sagas,SLUS_208.74
Dragon Ball Z Budokai,SLES_512.33
Dragon Ball Z Budokai 2,SLES_518.39
Dragon Ball Z Budokai 3,SLES_527.30
Dragon ball Z Canon V7,SLUS_216.78
DRAGON BALL Z LEGENDS,SLPS_003.55
Dragon Ball Z Tenkaichi,SLES_532.00
Dragon Ball Z Tenkaichi 2,SLES_541.64
Dragon Ball Z Tenkaichi 3,SLUS_216.78
Dragon Ball Z Tenkaichi 4 B13,SLUS_219.78
DragonBall Z Sparking NEO,SLPS_256.90
Drakengard,SLES_523.22
DREAMWORKS KUNG FU PANDA,SLES_552.36
DreamWorks Shrek the Third,SLES_547.71
DreamWorks Shreks Carnival Craze,SLES_554.60
DreamWorks Vecinos Invasores,SLES_539.87
Driver - Parallel Lines,SLUS_212.71
DRIVER - YOU ARE THE WHEELMAN,SLUS_008.42
Driver 2 (Disc 1),SLUS_011.61
Driver 2 (Disc 2),SLUS_013.18
Driver 3,SLUS_205.87
DUKE NUKEM - LAND OF THE BABES,SLES_034.05
DUKE NUKEM - TIME TO KILL,SLUS_005.83
DUKE NUKEM - TOTAL MELTDOWN,SLUS_003.55
Dynasty Tactics 2,SLUS_207.61
Dynasty Warriors,SLUS_004.38
Dynasty Warriors 3,SLES_506.41
Dynasty Warriors 4,SLUS_206.53
Dynasty Warriors 6,SLUS_217.74
EARTHWORM JIM 2,SLES_003.43
Echo Night Beyond,SLUS_209.28
EGYPT 1156 BCE,SLES_016.00
EGYPT II,SLES_033.73
EHRGEIZ,SLUS_008.09
EHRGEIZ - GOD BLESS THE RING,SLUS_008.09
Einhander,SCUS_942.43
El Padrino,SLES_539.71
ERAGON,SLES_541.59
ESDLA El Retorno del Rey,SLES_520.20
ESDLA Las Dos Torres,SLES_512.56
ESPN NFL 2K5,SLUS_209.19
ESPN X-GAMES PRO BOARDER,SLUS_007.04
Evil Dead A Fistful of Boomstick,SLUS_204.03
Evil Dead Hail to King (Disc 1),SLUS_010.72
Evil Dead Hail to King (Disc 2),SLUS_013.26
Evil Dead Regeneration,SLES_534.57
Evil Twin Cypriens Chronicles,SLES_502.01
Extermination,SCES_502.40
F1 RACING CHAMPIONSHIP,SLES_025.01
Fahrenheit,SLES_535.40
Fallout Brotherhood of Steel,SLES_515.26
FAMILY,SLUS_000.09
Family Guy Video Game,SLES_541.26
FATAL FURY - WILD AMBITION,SLUS_010.01
Fear Effect (Disc 1),SLES_021.66
Fear Effect (Disc 2),SLES_121.66
Fear Effect (Disc 3),SLES_221.66
Fear Effect (Disc 4),SLES_321.66
Fear Effect 2 (Disc 1),SLES_033.86
Fear Effect 2 (Disc 2),SLES_133.86
Fear Effect 2 (Disc 3),SLES_233.86
Fear Effect 2 (Disc 4),SLES_333.86
FIFA 06,SLUS_212.80
FIFA 09,SLES_552.45
FIFA 10,SLES_555.81
FIFA 11,SLES_556.43
FIFA 12,SLUS_219.47
FIFA 13,SLES_556.64
FIFA 14,SLUS_270.93
FIFA 2005,SLUS_210.51
FIFA 21,SLUS_270.93
FIFA 21,SLUS_270.93
FIFA 99,SLES_015.88
FIFA Road to World Cup 98,SLES_009.14
Fifa Soccer 07,SLUS_214.33
FIFA Soccer 10,SLUS_219.05
FIFA Soccer 11,SLUS_219.41
FIFA Soccer 2004,SLUS_207.50
FIFA SOCCER 2005,SLUS_015.85
Fifa Street,SLES_530.64
FIFA Street 2,SLUS_213.69
Fifa World Cup Germany 2006,SLUS_214.08
Fight Night 2004,SLUS_209.06
Fight Night Round 3,SLES_539.82
FIGHTING FORCE,SLES_007.31
FIGHTING FORCE 2,SLES_022.37
Final Fantasy IX (Disc 1),SLES_029.69
Final Fantasy IX (Disc 2),SLES_129.69
Final Fantasy IX (Disc 3),SLES_229.69
Final Fantasy IX (Disc 4),SLES_329.69
FINAL FANTASY TACTICS,SCUS_942.21
Final Fantasy VII (Disc 1),SCUS_941.63
Final Fantasy VII (Disc 2),SCUS_941.64
Final Fantasy VII (Disc 3),SCUS_941.65
Final Fantasy X,SCES_504.94
Final Fantasy X-2,SLES_518.19
Final Fantasy XII IZJS patched,SLPM_667.50
FINAL FIGHT STREETWISE,SLES_538.53
Firefighter F.D.18,SLES_520.96
FlatOut,SLES_527.53
FLATOUT 2,SLES_540.02
Forbidden Siren,SCES_523.30
Forbidden Siren 2,SCES_538.51
Formula 1 06,SCES_539.50
FORMULA 1 98,SLES_014.21
FORMULA ONE 99,SLUS_008.70
Free Running,SLES_545.59
Freedom Fighters (PAL) (Español),SLES_514.71
Freekstyle,SLES_507.53
Fugitive Hunter - War on Terror,SLUS_204.64
funkin,SCUS_000.00
G Latino Final Corregido,SLES_556.76
G.I. Joe The Rise of Cobra,SLES_555.37
Galerians Ash,SLPS_251.19
GD Battle Archive 1,SLPS_256.64
Getting Up,SLES_534.59
GEX,SLES_001.33
GEX - ENTER THE GECKO,SLUS_005.98
Gex Deep Cover Gecko,SLES_012.99
GH Cumbia hero 3,SLUS_214.47
GH III Rock Nacional,SLUS_216.72
Ghost in the Shell  SAC,SLES_530.20
Ghost In The Shell [SLUS-00552],SLUS_005.52
Ghost in the Shell SAC,SLES_530.20
Ghost Recon Advanced Warfighter,SLES_537.63
GHOST RIDER,SLES_543.17
Ghostbusters The Video Game,SCES_555.71
Gladiator Road to Freedom,SLPS_254.56
Gladiator Sword of Vengeance,SLES_517.66
Goal Storm,SLUS_000.69
GOAL STORM 97,SLUS_002.95
God Hand,SLES_544.90
GOD OF PES 2012 CLOSS,SLES_556.58
God of pes 2013 v2 todo en 1,SLES_556.58
GOD OF PES 2014,SLES_556.58
God Of PES 2023,SLES_556.76
GOD OF PES V5,SLES_555.89
God of War,SCES_531.33
God of War,SCUS_973.99
God Of War II,SCES_542.06
God of War II,SCUS_974.81
God of War II spa,SCES_542.06
God of War spa,SCES_531.33
Godzilla Save the Earth,SLES_527.66
Godzilla Unleashed,SLES_549.60
GRADIUS DELUXE PACK,SLPS_003.03
GRAN TURISMO,SCUS_941.94
GRAN TURISMO 2 - DISC 1,SCES_023.80
GRAN TURISMO 2 - DISC 2,SCES_123.80
Gran Turismo 3 A-Spec,SCES_502.94
Gran Turismo 4,SCES_517.19
Gran Turismo 4 DVD 5,SCUS_973.28
GRAND THEFT AUTO,SLES_000.32
GRAND THEFT AUTO - LONDON,SLES_033.89
GRAND THEFT AUTO 2,SLUS_007.89
Grand Theft Auto III,SLES_507.93
Grand Theft Auto IIIRIP,SLES_507.93
Grand Theft Auto San Andreas,SLUS_209.46
Grand Theft Auto Vice City,SLES_510.61
GTA - Liberty City Stories,SLES_541.35
GTA V,RLGM_209.47
GTA Vice City Stories,SLES_546.22
GTA Vice City Stories,SLUS_215.90
GTASA Phoenix KAIZO,SLUS_209.46
GUILTY GEAR,SLES_024.94
Guilty Gear XX ACP,SLUS_218.47
Guitar Hero,SLES_541.32
Guitar Hero 3 Warriors of Rock,SLUS_216.72
Guitar Hero 5,SLUS_218.65
Guitar Hero Aerosmith,SLES_552.00
Guitar Hero Gold Edition,SLUS_214.47
Guitar Hero II,SLES_544.42
Guitar Hero II God 30,SLUS_355.47
Guitar Hero III Legends of Rock,SLUS_216.72
Guitar Hero Metallica DVD5,SLUS_218.43
Guitar Hero Rocks the 80s,SLES_548.60
Guitar Hero Van Halen dvd 5,SLUS_218.67
Guitar Hero World Tour,SLUS_217.81
GUN,SLES_535.23
Hack - GU Vol1 - Rebirth,SLUS_212.58
Hack G.U. Vol. 2 Reminisce,SLUS_214.88
Hack G.U. Vol. 3 Redemption,SLUS_214.89
Hack Part 4 Quarantine,SLES_524.68
Hakusho Forever Lat,SLPS_254.99
HALF LIFE,SLUS_200.66
Harry Potter - Quidditch,SLUS_207.69
Harry Potter 1,SLUS_014.15
Harry Potter 5,SLES_547.79
Harry Potter 6,SLES_552.48
Harry Potter Chamber of Secrets,SLES_039.73
HARVEST MOON - BACK TO NATURE,SLUS_011.15
Haunted Mansion,SLES_522.16
Haunting Ground,SLES_528.77
Heart of Darkness (Disc 1),SLES_004.65
Heart of Darkness (Disc 2),SLES_104.65
HERCS ADVENTURES,SLES_006.45
High School Musical 3,SLES_553.98
Hitman - Contracts,SLES_521.36
Hitman 2 Silent Assassin,SLUS_203.74
Hitman Blood Money,SLES_530.32
HOT WHEELS - EXTREME RACING,SLES_035.95
HOT WHEELS - TURBO RACING,SLUS_009.64
Hot Wheels - Velocity X,SLUS_204.12
Hot Wheels - World Race,SLUS_207.37
HP la camara secreta,SLES_511.95
HP Prisoner of Azkaban,SLES_524.40
HP the Goblet of Fire,SLES_537.28
HP the Goblet of Fire,SLES_537.28
HP the Philosopher Stone,SLES_520.55
HP the Philosopher Stone,SLES_520.55
Hulk,SLES_515.08
Hunter The Reckoning Wayward,SLUS_205.11
Ice Age 2 - The Meltdown,SLES_539.84
ICO,SCES_507.60
IJ Original Adventures,SLES_551.33
INITIAL D,SLPS_017.93
INTERNATIONAL SOCCER - EXCITE,SLPS_028.68
International Superstar Soccer,SLUS_006.74
Iron Man,SLES_551.98
ISS PRO EVOLUTION 2,SLES_033.22
Jackass - The Game,SLES_546.63
JACKIE CHANS STUNTMASTER,SLUS_006.84
JADE COCOON - STORY OF TAMAMAYU,SLUS_008.54
Jak 3,SCUS_973.30
Jak and Daxter Precursor Legacy,SCES_503.61
Jak II Renegade,SCES_516.08
JAWS UNLEASHED,SLES_541.70
JEREMY MCGRATH SUPERCROSS 2000,SLES_019.81
JERSEY DEVIL,SCUS_949.07
JOJOS BIZARRE ADVENTURE,SLUS_010.60
Juiced [PAL],SLES_530.44
Jumanji,SLES_544.27
Jurassic - The Hunted,SLUS_219.07
Jurassic Park og,SLES_513.54
Justice League Heroes,SLES_544.23
K-1 - GRAND PRIX,SLUS_009.41
K-1 World GP 2006,SLPS_257.10
Kagero - Deception II,SLUS_006.77
Katamari Damacy,SLUS_210.08
Killer 7,SLES_533.66
Killzone,SCES_520.04
Kingdom Hearts II,SLES_542.35
Klaymen Neverhood no Nazo,SLPS_013.65
KLONOA - DOOR TO PHANTOMILE,SLUS_005.85
KNOCKOUT KINGS,SLUS_007.37
KOF 2002 UM Tougeki,SLPS_259.83
KOF Maximum Impact Regulation A,SLPS_257.65
KOF_98,SLPM_862.01
La Fuga de Monkey Island,SLES_502.29
LEGACY OF KAIN - BLOOD OMEN 2,SLES_507.72
LEGACY OF KAIN - SOUL REAVER,SLUS_007.08
Legacy of Kain Defiance,SLES_521.50
Legacy of Kain Soul Reaver 2,SLES_501.96
Legend of Mana (USA),SLUS_010.13
LEGO Batman The Videogame,SLUS_217.85
Lego indiana jones,SLES_551.33
LEGO Star Wars - The Videogame,SLES_531.94
LEGO Star Wars II,SLES_542.21
LEMMINGS,SCES_541.45
LOONEY TUNES - BACK IN ACTION,SLES_517.94
Looney Tunes - Sheep Raider,SLUS_013.69
Looney Tunes ACME Arsenal,SLES_549.31
Looney Tunes Space Race,SLES_504.87
Los Increibles 2,SLES_534.74
Los Urbz Sims en la ciudad,SLES_529.08
Madagascar,SLES_532.46
Madagascar Escape 2 Africa,SLES_553.74
MADDEN NFL 99,SLUS_007.29
MADE MAN,SLES_544.43
Mafia,SLUS_206.71
Manhunt,SLES_520.23
MANHUNT 2,SLES_548.19
Marvel Nemesis - Rise of the Imp,SLES_535.85
Marvel SHS,SLES_555.72
MARVEL ULTIMATE ALLIANCE,SLUS_213.74
Marvel Ultimate Alliance 2,SLUS_218.79
Marvel vs Capcom,SLUS_010.59
Marvel vs Capcom 2,SLUS_204.86
MARVEL VS STREET FIGHTER,SLUS_007.93
Max Payne,SLES_503.26
Max Payne 2,SLES_522.56
Maximo vs Army of Zin,SLES_517.59
Medal of Honor - Rising Sun,SLES_518.76
MEDAL OF HONOR - UNDERGROUND,SLUS_012.70
Medal of Honor (USA),SLUS_009.74
Medal of Honor European Assault,SLES_533.36
Medal of Honor Frontline,SLES_506.84
Medal of Honor Vanguard,SLES_546.83
MEDIEVIL,SCES_014.95
MEDIEVIL,SCUS_942.27
MEDIEVIL II,SCES_025.45
Mega Man 8,SLUS_004.53
Megaman X - Collection,SLUS_213.70
MegaMan X - Command Mission,SLES_528.32
MEGAMAN X5,SLUS_013.34
MEGAMAN X6,SLUS_013.95
MEGAMAN X7,SLES_518.85
MegaMan X8,SLES_529.88
Mercenaries 2,SLES_550.01
Mercenaries POD,SLES_530.08
Metal Gear Solid (Disc 1),SLUS_005.94
Metal Gear Solid (Disc 2),SLUS_007.76
Metal Gear Solid 2 SL,SLES_503.85
METAL SLUG 3,SLES_525.99
METAL SLUG 3D,SLPS_256.50
Metal Slug 6,SLPS_256.74
METAL SLUG ANTHOLOGY,SLUS_215.50
MGS 2 Substance,SLES_820.09
MGS 3 SE,SLES_820.26
Micro Machines V4,SLES_536.68
Midnight Club 3 DUB,SLES_529.42
Midnight Club II,SLES_510.54
Mission Impossible,SLES_019.06
MK Deception,SLES_527.05
MLB 99,SCUS_942.33
MLB Power Pros,SLUS_216.71
Monster House,SLUS_214.00
Monster Hunter 2 ENG v1.02,SLPM_662.80
Monster Hunter G,SLPM_658.69
Monster Jam Urban Assault,SLUS_218.07
Monster World,SLPM_627.60
Mortal Kombat  Deadly Alliance,SLES_507.17
MORTAL KOMBAT - SPECIAL FORCES,SLUS_008.24
MORTAL KOMBAT 4,SLUS_006.05
Mortal Kombat Armageddon,SLUS_215.43
MORTAL KOMBAT MYTHOLOGIES,SLUS_004.76
Mortal Kombat Shaolin Monks,SLES_535.24
MORTAL KOMBAT TRILOGY,SLUS_003.30
MOTO RACER WORLD TOUR,SLUS_013.21
MotoGP 4,SCES_528.92
MTVs Celebrity Deathmatch,SLES_511.89
MTX Mototrax,SLUS_203.99
MVP Baseball 2005,SLUS_211.35
MX vs. ATV Unleashed,SLUS_211.04
Mystical Ninja,SLPM_650.14
Namco Museum 50th Anniversary,SLES_539.57
namCollection,SLPS_255.00
NANA,SLPM_659.14
NARC,SLUS_207.30
Naruto - Narutimate Hero 3,SLPS_255.89
Naruto - Ultimate Ninja 3,SLES_552.37
Naruto - Ultimate Ninja 4,SLES_554.82
Naruto Narutimate Accel,SLPS_257.68
Naruto Narutimate Accel 2 2D,SLPS_258.37
Naruto Ultimate Ninja 3,SLES_552.37
Naruto Ultimate Ninja 5,SLES_556.05
NASCAR - Thunder 2004,SLUS_208.24
NASCAR 09 (NTSC),SLUS_217.44
NASCAR 98,SLUS_005.21
NASCAR Rumble,SLUS_010.68
NBA 2K11,SLES_556.45
NBA 2K12,SLES_556.59
NBA Live 09,SLES_553.37
nba live 2003,SLUS_014.83
NBA LIVE 99,SLUS_007.36
NBA Street 2,SLUS_206.51
NBA Street V3,SLES_530.01
NEED FOR SPEED - HIGH STAKES,SLUS_008.26
Need for Speed - ProStreet,SLUS_216.58
NEED FOR SPEED - ROAD CHALLENGE,SLES_017.90
Need for Speed - U2 shadou,SLPM_660.51
Need for Speed - Underground 2,SLES_527.25
Need for Speed Carbon,SLES_543.23
Need for Speed Hot Pursuit 2,SLES_507.31
NEED FOR SPEED II,SLUS_002.76
NEED FOR SPEED III - HOT PURSUIT,SLUS_006.20
Need for Speed Most Wanted,SLUS_212.67
Need for Speed Porsche Unleashed,SLUS_011.04
Need for Speed Undercover,SLUS_218.01
Need for Speed Underground,SLUS_208.11
Need for Speed Underground NTSC,SLUS_208.11
Need forSpeedMosWantedBlacEditio,SLUS_213.51
NEOGEO BATTLE COLISEUM,SLUS_217.08
NeoGeo CD (MVS) com 106 Jogos,NGCD_106.06
NFL BLITZ 2000,SLUS_008.61
NHL 2004,SLES_517.98
NHL 98,SLUS_005.19
NIGHTMARE CREATURES,SCES_005.82
NIGHTMARECREATURES2,SLUS_011.12
OBSCURE,SLES_525.08
OBSCURE - THE AFTERMATH,SLUS_217.09
OKAMI,SLES_544.39
OMEGA BOOST,SCUS_944.49
One Piece Grand Adventure,SLUS_214.35
One Piece Grand Battle 3,SLPS_253.15
One Piece Pirates Carnival,SLUS_213.64
ONI,SLES_501.79
ONIMUSHA - WARLORDS,SLES_502.47
Onimusha 2 SD,SLES_509.78
Onimusha 3 Demon Siege,SLES_519.14
Onimusha DOD 1,SLES_820.38
Onimusha DOD 2,SLES_820.39
OVERBLOOD,SLUS_004.64
OverBlood 2 (Disc 1),SLES_018.79
OverBlood 2 (Disc 2),SLES_118.79
Pac-Man Fever,SLUS_201.97
Pac-Man World,SLUS_004.39
Pac-man World 3,SLES_539.59
Pac-Man World Rally,SLES_545.84
PANDEMONIUM,SLUS_002.32
PARAPPA THE RAPPER,SCUS_941.83
Parasite Eve (Disc 2),SLUS_006.68
Parasite Eve (USA) (Disc 1),SLUS_006.62
Parasite Eve II (Disc 1),SLUS_010.42
Parasite Eve II (Disc 2),SLUS_010.55
PepsimaN,SLPS_017.62
Persona,SLUS_003.39
Persona 2 Eternal Punishment,SLUS_011.58
Persona 3,SLUS_215.69
Persona 4,SLUS_217.82
PES 15 Ultimate Team,SLES_556.66
PES 2009 Pro Evolution Soccer,SLUS_218.21
Pes 2010 - Clausura 2010,SLES_555.89
PES 2010 Pro Evolution Soccer,SLUS_219.18
PES 2012 Pro Evolution Soccer,SLUS_219.48
PES 2013 Pro Evolution Soccer,SLUS_219.55
PES 2019 - Superliga,SLES_556.76
PES 2019 DLC 40,SLES_556.76
PES 2021 Liga Argentina,SLES_556.76
PES 2023,SLES_556.76
PES 5 LEGENDS,SLES_535.44
PES 6 Clausura 2007,SLES_543.62
PES Argentino 2011 v2,SLES_543.62
PES clausura 2009,SLES_543.63
pes conmebol 2023,SLES_556.76
PES GALAXY 2024,SLES_556.76
PES Management,SLES_538.99
PES UNIVERSE S3,SLES_556.76
PES2024,SLES_556.73
PES2024 ESP WDf,SLES_556.73
PES2025,SLES_556.73
PES6 - Clausura Argentino 2008,SLES_543.62
Peter Jacksons King Kong,SLES_537.03
PGA TOUR GOLF 98,SLUS_005.17
PINK PANTHER,SLES_039.32
Pirates of CaribbeanWorlds End,SLES_541.79
Pitfall The Lost Expedition,SLES_516.90
POCKET FIGHTER,SLUS_006.53
POPULOUS - THE BEGINNING1,SLUS_002.77
PORSCHE CHALLENGE,SCUS_941.87
Power Rangers - Dino Thunder,SLUS_209.44
Power Rangers Super Legends,SLUS_216.79
POWER SPIKE PRO BEACH VOLLEYBALL,SLUS_011.96
Predator - Concrete Jungle,SLUS_208.75
Primal,SCES_511.35
PRIMAL RAGE,SLUS_001.26
Prince of Persia Sands of Time,SLUS_207.43
Prince of Persia Two Thrones RIP,SLUS_212.87
Prince of Persia Warrior Within,SLUS_210.22
Pro Beach Soccer,SLES_514.92
Pro Evolution Soccer 2008,SLES_549.13
Pro Evolution Soccer 2011,SLES_556.38
Pro Evolution Soccer 2014,SLES_556.76
Pro Evolution Soccer 2016,SLES_556.76
Pro Evolution Soccer 2017,SLES_556.76
Pro Evolution Soccer 2018,SLES_556.76
Pro Evolution Soccer 2020,SLES_556.76
Pro Evolution Soccer 2021,SLES_556.76
Pro Evolution Soccer 6,SLES_543.62
PROJECT ZERO,SLES_508.21
Project Zero 2 Crimson Butterfly,SLES_523.84
Project Zero 3 - Tormented,SLES_538.25
Psychonauts ESP,SLES_538.30
PUMA STREET SOCCER,SLES_012.03
Pump It Up Exceed,SLUS_211.31
Puzzle Quest,SLUS_216.92
PWE Liga Ascenso Argentino 2023,SLES_556.76
QUAKE II,SLUS_007.57
R-TYPE DELTA,SCES_017.62
R-Type Final,SLES_519.52
R-TYPES,SLES_013.55
RALLY CROSS 2,SCUS_942.47
RAMPAGE 2 - UNIVERSAL TOUR,SLUS_007.42
Rampage Total Destruction,SLES_538.00
Ratchet & Clank UP UR Arsenal,SCUS_973.53
Ratchet and Clank 3,SCES_524.56
Ratchet Clank,SCUS_971.99
Ratchet Gladiator Deadlocked,SCES_532.85
Rayman,SLUS_000.05
RAYMAN 2 - THE GREAT ESCAPE,SLUS_012.35
Rayman 3 - Hoodlum Havoc,SLES_512.22
Ready 2 Rumble Boxing Round 2,SLES_028.50
Red Dead Revolver,SLES_524.78
Red Faction,SLUS_200.73
Red Faction 2,SLES_511.33
Red Ninja KNM,SLPM_659.45
RESERVOIR DOGS,SLUS_214.79
Resident Evil - Outbreak,SLES_515.89
Resident Evil - Outbreak File 2,SLES_533.19
RESIDENT EVIL - SURVIVOR,SLES_027.32
Resident Evil (USA),SLUS_001.70
RESIDENT EVIL 3 - NEMESIS,SLUS_009.23
Resident Evil 4,SLUS_211.34
Resident Evil 4,SLES_537.02
Resident Evil Code Veronica,SLES_503.06
Resident Evil Code Veronica X,SLES_503.06
Resident Evil Dead Aim,SLES_514.48
Resident Evil Directors Cut,SLUS_007.47
Resident Evil Directors Cut DS,SLUS_007.47
Resident Evil Survivor 2 CV,SLES_506.50
ResidentEvil 2 DualShock(Disc 1),SLUS_007.48
ResidentEvil 2 DualShock(Disc 2),SLUS_007.56
RIDGE RACER,SCES_000.01
RIDGE RACER REVOLUTION,SCES_002.42
Rise to Honour,SCES_519.71
Rival Schools,SLUS_007.71
Rival Schools United by Fate D2,SLUS_007.71
Road Rash (USA),SLUS_000.35
Rock Band,SLES_550.39
Rockman Power Battle Fighters,SLPM_624.91
Rocky Legends,SLES_527.61
Rogue Galaxy,SCES_545.52
Rogue Galaxy DVD5,SCES_545.52
ROGUE TRIP - VACATION 2012,SLUS_006.43
Rugby 08,SLUS_216.40
RULE OF ROSE,SLES_542.18
Saint Seiya The Hades,SLES_541.62
Saint Seiya The Sanctuary,SLES_532.01
SAMURAI SHOWDOWN WR,SLUS_010.39
Samurai Warriors 2,SLUS_214.62
Samurai Warriors 2 XL,SLUS_217.26
Samurai Warriors XL,SLUS_210.80
Samurai Western,SLES_532.34
Scarface The World Is Yours,SLES_541.82
SCOOBY-DOO - FIRST FRIGHTS,SLUS_219.00
SCOOBY-DOO THE SPOOKY SWAMP,SLES_556.09
Second Sight,SLES_526.70
Sega Ages 2500 Columns,SLPM_624.25
Sega Classics Collection,SLUS_210.09
SEGA EMU,PGEN_151.10
SEGA Genesis Super Collection,SLUS_754.92
Sega Sports Tennis,SLUS_204.80
Sega Superstars Tennis,SLUS_217.33
SHADOW MAN,SLES_009.47
Shadow of Rome,SLES_529.50
Shadow of the Colossus,SCES_533.26
SHAUN WHITE SNOWBOARDING,SLUS_218.53
ShinMegamiTensei- Devil Summoner,SLUS_214.31
SHINOBI,SCES_514.28
Shrek 2,SLES_523.82
Shrek Smash n Crash Racing (PAL),SLES_545.53
SHREK TREASURE HUNT,SLUS_014.63
SILENT BOMBER,SLUS_009.02
SILENT HILL,SLUS_007.07
Silent Hill 2 - Directors Cut,SLES_511.56
Silent Hill 3,SLES_514.34
Silent Hill 4 - The ROOM,SLES_524.45
Silent Hill Origins,SLUS_217.31
Silent Hill Shattered Memories,SLUS_218.99
SKULLMONKEYS,SLUS_006.01
SKYGUNNER,SLUS_203.84
Sly 2 Band of Thieves,SCES_525.29
Sly 3,SCES_534.09
SmackDown vs. Raw,SLES_527.81
SmackDown vs. Raw 2007,SLUS_214.27
SMALL SOLDIERS,SLUS_007.81
Sniper Elite,SLES_518.20
SOCOM 3 - US Navy SEALs,SCUS_974.74
SOCOM II - US Navy SEALs,SCES_519.04
SOCOM US Navy SEALs CA,SCES_544.77
SONIC HEROES,SLUS_207.18
Sonic Mega Collection Plus,SLUS_209.17
Sonic Raiders,SLUS_213.31
Sonic Raiders - Zero Gravity,SLUS_216.42
Sonic Unleashed,SLUS_218.46
SOS - THE FINAL ESCAPE,SLES_513.01
SOUL BLADE,SLUS_002.40
Soulcalibur II,SLES_517.99
Soulcalibur III,SCES_533.12
SOUTH PARK RALLY,SLUS_009.84
SPACEFISHERMEN,SCPS_110.25
Spartan Total Warrior,SLES_533.93
Spawn Armaggedon,SLES_523.26
Speed Racer,SLUS_218.12
SPEED RACER - THE VIDEOGAME,SLUS_218.12
Spider-Man,SLUS_008.75
Spider-Man - Friend or Foe,SLES_549.01
Spider-Man 2,SLES_523.72
Spider-Man 2 - Enter - Electro,SLUS_013.78
Spider-Man 3,SLES_547.24
Spider-Man Web of Shadows,SLES_553.72
SpongeBob The Movie,SLES_529.86
SPYRO - A HEROS TAIL,SLES_525.69
Spyro - A New Beginning,SLES_543.59
Spyro - Dawn of the Dragon,SLES_551.63
Spyro - Enter the Dragonfly,SLES_510.43
Spyro - The Eternal Night,SLES_548.15
SPYRO 2 - RIPTOS RAGE,SCUS_944.25
SPYRO 3 - YEAR OF THE DRAGON,SCES_028.35
Spyro the Dragon (USA),SCUS_942.28
SS Globs of Doom,SLES_552.72
SSTH Lat,SLPS_257.44
Star Wars - Battlefront,SLES_525.45
STAR WARS - BOUNTY HUNTER,SLES_508.35
Star Wars - The Clone Wars,SLUS_219.13
Star Wars - The Force Unleashed,SLES_546.58
Star Wars Battlefront II,SLES_535.01
Star Wars Republic Heroes,SLUS_219.13
Star Wars Revenge of the Sith,SLES_531.55
Stealth Force The War on Terror,SLES_533.61
STREET FIGHTER ALPHA 3,SLUS_008.21
Street Fighter Alpha Anthology,SLES_540.85
STREET FIGHTER COLLECTION 2,SLUS_007.46
STREET FIGHTER EX 2 PLUS,SLUS_011.05
Street Fighter III 3rd Strike,SLPM_656.21
STREET SK8ER,SLUS_008.18
Stret Fighter AniversaryColectio,SLUS_209.49
Stuntman Ignition,SLES_548.20
Suikoden II (USA),SLUS_009.58
Super Dragon Ball Z,SLES_541.61
Super Mario 64,SLUS_623.90
Super mario bros collection,SLUS_000.09
SUPER SHOT SOCCER,SLUS_014.64
Superman - Shadows of Apokolips,SLES_507.95
Superman Returns,SLES_543.51
SUPERNINTENDO,SLUS_999.99
SWAT - Global Strike Team,SLES_519.97
Syberia,SLES_513.93
SYPHON FILTER,SCES_019.14
Syphon Filter 2 (Disc 1),SCES_022.89
Syphon Filter 2 (Disc 2),SCES_122.89
SYPHON FILTER 3,SCES_037.01
Tale of the Forsaken Land,SLUS_202.59
Teenage Mutant Ninja Turtles 3,SLES_538.50
TEKKEN,SLUS_000.06
TEKKEN 2,SCES_002.55
Tekken 3,SLUS_004.02
Tekken 4,SCES_508.78
Tekken 5,SCES_532.02
TENCHU - STEALTH ASSASSINS,SLES_013.74
tenchu 2,SLUS_009.39
Tenchu Fatal Shadows,SLES_530.16
Tenchu La Ira del Cielo,SLES_514.00
TENNIS ARENA,SLES_009.35
Terminator 3 - The Redemption,SLES_522.83
Test Drive - Eve of Destruction,SLUS_209.10
The Adventures of Cookie Cream,SLUS_201.70
The Bard's Tale,SLES_531.54
The Da Vinci Code,SLES_540.31
The Doc of Metal Gear Solid 2,SLES_820.10
THE DUKES OF HAZZARD,SLUS_008.59
The Fast and the Furious,SLUS_214.49
The Fear (Disc 4),SLPM_650.43
The Fear D1,SLPM_650.40
The Fear D2,SLPM_650.41
The Fear D3,SLPM_650.42
THE FIFTH ELEMENT,SLUS_007.11
The Getaway,SCUS_971.33
THE GETAWAY - BLACK MONDAY,SCUS_974.08
The Incredible Hulk,SLUS_209.41
The Incredible Hulk,SLES_552.54
THE ITALIAN JOB,SLUS_014.57
The King Of Fighters 10 in 1,PSTG_060.42
The King of Fighters 2002 UM,SLPS_259.15
The King of Fighters 2006,SLUS_213.65
The King of Fighters 98,SLUS_218.16
THE KING OF FIGHTERS 99,SLUS_013.32
The King of Fighters MI 2,SLES_542.55
The King of Fighters Orochi Saga,SLUS_215.54
The King of Fighters XI,SLPS_256.60
The King ofFighters2002(Tougeki),SLPS_259.83
The Legend of Dragoon (Disc 1),SCUS_944.91
The Legend of Dragoon (Disc 2),SCUS_945.84
The Legend of Jack Sparrow,SLES_542.37
The Matrix Path of Neo,SLES_537.99
The Punisher,SLES_530.49
THE SIMPSONS - ROAD RAGE,SLES_506.28
The Simpsons Game,SLES_549.06
The Simpsons Hit Run,SLES_518.97
The Simpsons Skateboarding,SLES_513.61
THE SIMPSONS WRESTLING,SLUS_012.27
The Sims,SLES_512.57
The Sims - Busting Out,SLES_520.47
THE SIMS 2,SLES_537.18
The Sims 2 - Pets,SLES_543.47
The Sims 2 Castaway,SLES_549.03
The Sopranos - Road to Respect,SLES_542.09
The Suffering,SLES_524.39
The Suffering 2,SLES_535.27
The Thing,SLES_509.75
The Urbz Sims in the City,SLES_529.08
The Warriors,SLES_534.43
The Warriors,SLUS_212.15
The Warriors,SLUS_212.15
The X-Files Resist or Serve,SLUS_201.79
THEME HOSPITAL,SLUS_002.75
THRASHER PRESENTS SKATE DESTROY,SLES_023.40
THRILL KILL,SLUS_007.52
TIME CRISIS,SCES_006.57
TIME CRISIS - PROJECT TITAN,SCES_027.76
TimeSplitters,SLES_500.78
TimeSplitters 2,SLES_508.77
TimeSplitters Future Perfect,SLES_529.93
TINY TOON THE GREAT BEANSTALK,SLUS_006.38
tiny_toon_adventures,SLUS_013.93
tlotr third age,SLES_528.05
TMNT - Smash-Up,SLUS_219.04
TMNT 2 - Battle Nexus,SLES_530.17
TMNT 3 Mutant Nightmare,SLES_538.50
TOCA Race Driver 3,SLES_530.87
TOM CLANCYS RAINBOW SIX,SLES_011.36
Tom Clancys Rainbow Six 3,SLES_522.88
Tom Clancys Rainbow Six Lockdown,SLES_531.04
Tom Clancys Splinter Cell,SLES_514.66
Tom Jerry War of the Whiskers,SLUS_203.55
TOMB RAIDER,SLUS_001.52
TOMB RAIDER - ANNIVERSARY RIP,SLUS_215.55
Tomb Raider Chronicles,SLES_033.36
TOMB RAIDER II,SLES_007.18
TOMB RAIDER III,SLUS_006.91
TOMB RAIDER IV,SLES_022.42
TOMB RAIDER THE LAST REVELATION,SLUS_008.85
Tomb Raider Underworld,SLES_554.42
TOMBA1,SCUS_942.36
TomClancy Splinter CelDoubleAgen,SLUS_213.56
Tony Hawk's Underground,SLES_518.54
TONY HAWKS AMERICAN WASTELAND,SLES_535.35
Tony Hawks Downhill Jam,SLES_547.15
Tony Hawks Pro Skater 2,SLUS_010.66
Tony Hawks Pro Skater 3,SLUS_200.13
Tony Hawks Pro Skater 3,SLES_036.45
Tony Hawks Pro Skater 4,SLUS_205.04
TONY HAWKS PRO SKATER 4,SLES_039.54
Tony Hawks Project 8,SLES_543.90
Tony Hawks Proving Ground,SLUS_216.16
Tony Hawks Skateboarding,SLES_020.55
Tony Hawks Underground 2,SLES_526.22
Top Spin,SLES_531.75
Torrente 3 - El Protector,SLES_539.79
Total Overdose rip,SLUS_212.83
Transformers,SLES_523.88
Transformers RevengeofFallen,SLES_555.20
Transformers The Game,SLES_547.56
True Crime New York City,SLES_536.18
TWISTED METAL,SCES_000.61
Twisted Metal - Head On,SCUS_976.21
TWISTED METAL - SMALL BRAWL,SCUS_946.42
TWISTED METAL 2,SCUS_943.06
TWISTED METAL 3,SCUS_942.49
Twisted Metal 4,SCUS_945.60
Twisted Metal Black,SCES_503.60
TWISTED METAL PAL,SCES_000.61
UEFA Euro 2004,SLUS_209.36
UFC Throwdown,SLUS_202.52
Ultimate Mortal Kombat Deception,SLUS_208.81
Ultimate Spider-Man,SLES_533.91
Under the Skin,SLES_527.19
Underground 2 Shadou,SLPM_660.51
Underground J-Tune,SLPM_656.14
URBAN CHAOS,SLES_020.71
Urban Chaos RR,SLES_539.91
Urban Reign,SCES_536.88
V-RALLY 2 - CHAMPIONSHIP EDITION,SLES_019.07
V8_SECOND_OFFENSE,SLUS_008.68
VAGRANT STORY,SLES_027.54
Valkyrie Profile (Disc 1),SLUS_011.56
Valkyrie Profile (Disc 2),SLUS_011.79
VAMPIRE HUNTER D,SLUS_011.38
Van Helsing,SLES_519.08
VICE_001.22,VICE_001.22
Victorious Boxers 2 FS,SLES_533.38
Viewtiful Joe,SLES_526.78
Viewtiful Joe 2,SLES_528.68
VIGILANTE 8,SLUS_005.10
Vigilante 8 2nd Offense,SLES_021.62
Virtua Fighter 4 Evolution,SLES_516.16
Virtua Tennis 2,SLES_512.32
VP 2 Silmeria,SLES_546.48
WACKY RACES,SLES_024.68
WAR GODS,SLES_005.38
WARCRAFT II - THE DARK SAGA,SLUS_004.80
Warhammer 40000 – Firewarrior,SLES_509.58
WARPATH - JURASSIC PARK,SLUS_009.76
Warriors Orochi,SLUS_216.62
Warriors Orochi 2,SLES_553.82
winnin eleven 2007 INGLES,SLPM_870.56
Winning Eleven - PES 2007,SLUS_214.64
Winning Eleven 10 LIGA CHILENA 2,SLPM_663.74
WINNING ELEVEN 11World V5,SLPM_663.74
Winning Eleven 2000 English,SLPM_866.00
Winning Eleven 2006,SLPM_622.68
Winning Eleven 2007 Championship,SLPM_668.10
Winning Eleven 2009 Championship,SLPM_551.82
Winning Eleven 2018,SLPM_663.74
WINNING ELEVEN 3 - FINAL VERSION,SLPM_861.62
Winning Eleven 9,SLPM_660.09
Winning Eleven AFA 2004 INGLES,SLPM_870.56
Winning Eleven Clausura 2004 ENG,SLPM_870.56
Winning_Eleven_4,SLPM_862.91
WIPEOUT,SCES_000.10
Womens Volleyball Championship,SLUS_217.42
WORLD CUP 98,SLES_012.65
WORLD SOCCER - WINNING ELEVEN 4,SLPM_862.91
World Soccer Winning Eleven 10,SLPM_663.74
WORLD SOCCER WINNING ELEVEN 2002,SLPM_870.56
World Soccer Winning Eleven 9,SLPM_660.09
WORLDS SCARIEST POLICE CHASES,SLUS_011.65
WORMS,SLUS_003.36
Worms 3D,SLES_518.43
WORMS ARMAGEDDON,SLUS_008.88
Worms Forts - Under Siege,SLES_527.34
WRC Rally Evolved,SCES_532.47
WSWE 6 FE Esp,SLPM_622.68
WSWE 6 FE Esp,SLPM_622.68
WWE 2K23 Infinitystok,SLES_556.35
WWE All Stars,SLES_556.48
WWE Here Comes the Pain,SLES_520.36
WWE SmackDown vs RAW,SLES_527.81
WWE Smackdown vs RAW 2006,SLUS_212.86
WWE SmackDown vs RAW 2008,SLES_548.79
WWE SmackDown vs RAW 2009,SLES_552.51
WWE SmackDown vs RAW 2011,SLES_556.35
WWE Smackdown vs RAW 2017,SLUS_219.39
WWE SVR 2021,SLES_556.35
WWF SMACKDOWN,SLUS_009.27
WWF SMACKDOWN 2 - KNOW YOUR ROLE,SLUS_012.34
WWF WAR ZONE,SLUS_004.95
X-Men Legends II,SLES_533.77
X-Men Origins - Wolverine,SLES_554.95
XENOGEARS - [ 2 DISCS ],SLUS_006.64
Xenogears (Spanish) (Disc 2),SLUS_006.69
XIII,SLES_512.44
XITO PATCH,SLES_556.76
Yakuza,SLES_541.71
Yakuza 2,SLES_552.42
Yu-Gi-Oh CMC,SLES_525.76
YU-GI-OH FORBIDDEN MEMORIES,SLUS_014.11
Yu-Gi-Oh GX Tag Force Evolution,SLES_550.17
Zone of the Enders,SLUS_201.48
